Metric,Value
Amplitude_uV,3.528426970237449
Latency_ms,288.18897637795277
